{
  "best_model": "Random Forest",
  "feature_names": [
    "statuses_count",
    "followers_count",
    "friends_count",
    "favourites_count",
    "listed_count",
    "lang_code",
    "followers_to_friends",
    "statuses_to_followers",
    "favourites_to_statuses",
    "listed_to_followers",
    "name_length",
    "screen_name_length",
    "has_description",
    "has_url",
    "has_location"
  ],
  "models": {
    "Random Forest": {
      "accuracy": 0.99822695035461,
      "precision": 0.9982335416172322,
      "recall": 0.99822695035461,
      "f1_score": 0.9982271011968222,
      "cv_accuracy_mean": 0.9977827050997783,
      "cv_accuracy_std": 0.001983208849223744,
      "confusion_matrix": [
        [
          268,
          0
        ],
        [
          1,
          295
        ]
      ]
    },
    "SVM": {
      "accuracy": 0.9893617021276596,
      "precision": 0.9894677850738078,
      "recall": 0.9893617021276596,
      "f1_score": 0.9893649185442499,
      "cv_accuracy_mean": 0.9826982015274698,
      "cv_accuracy_std": 0.0038115943868687018,
      "confusion_matrix": [
        [
          267,
          1
        ],
        [
          5,
          291
        ]
      ]
    },
    "Neural Network": {
      "accuracy": 0.9929078014184397,
      "precision": 0.9929078014184397,
      "recall": 0.9929078014184397,
      "f1_score": 0.9929078014184397,
      "cv_accuracy_mean": 0.9906824340970684,
      "cv_accuracy_std": 0.0016645599338160001,
      "confusion_matrix": [
        [
          266,
          2
        ],
        [
          2,
          294
        ]
      ]
    }
  }
}